repo_name,easy_file,hard_file
avwo/whistle,lib/rules/util.js,lib/util/index.js
avwo/whistle,lib/rules/storage.js,lib/util/index.js
avwo/whistle,biz/webui/cgi-bin/rules/add.js,lib/util/index.js
avwo/whistle,biz/webui/cgi-bin/values/add.js,lib/util/index.js
KC3Kai/KC3Kai,src/pages/strategy/tabs/fleet/fleet.js,src/library/objects/Node.js
unpoly/unpoly,src/unpoly/element.js,src/unpoly/util.js
unpoly/unpoly,src/unpoly/element.js,src/unpoly/classes/change/from_url.js
unpoly/unpoly,src/unpoly/element.js,src/unpoly/error.js
unpoly/unpoly,src/unpoly/element.js,src/unpoly/radio.js
unpoly/unpoly,src/unpoly/history.js,src/unpoly/error.js
unpoly/unpoly,src/unpoly/history.js,src/unpoly/radio.js
unpoly/unpoly,src/unpoly/history.js,src/unpoly/util.js
unpoly/unpoly,src/unpoly/history.js,src/unpoly/classes/change/from_url.js
unpoly/unpoly,src/unpoly/classes/request/queue.js,src/unpoly/classes/change/from_url.js
unpoly/unpoly,src/unpoly/classes/request/queue.js,src/unpoly/radio.js
unpoly/unpoly,src/unpoly/classes/request/queue.js,src/unpoly/util.js
unpoly/unpoly,src/unpoly/classes/request/queue.js,src/unpoly/error.js
unpoly/unpoly,src/unpoly/classes/fragment_scrolling.js,src/unpoly/classes/change/from_url.js
unpoly/unpoly,src/unpoly/classes/fragment_scrolling.js,src/unpoly/error.js
unpoly/unpoly,src/unpoly/classes/fragment_scrolling.js,src/unpoly/radio.js
unpoly/unpoly,src/unpoly/classes/fragment_scrolling.js,src/unpoly/util.js
icuseven/MMRDS,source-code/mmria/mmria-server/wwwroot/scripts/mmria.js,source-code/mmria/mmria-server/wwwroot/scripts/editor/page_renderer.js
GlukKazan/Dagaz,src/debug/games/chess/shabel-ai.js,src/debug/games/chess/glinski-ai.js
zloirock/core-js,packages/core-js-compat/targets-parser.js,packages/core-js/modules/esnext.async-iterator.from.js
zloirock/core-js,packages/core-js-compat/targets-parser.js,packages/core-js/modules/esnext.async-iterator.filter.js
zloirock/core-js,packages/core-js-compat/targets-parser.js,packages/core-js/modules/esnext.async-iterator.take.js
zloirock/core-js,packages/core-js-compat/targets-parser.js,packages/core-js/modules/esnext.async-iterator.drop.js
zloirock/core-js,packages/core-js-compat/targets-parser.js,packages/core-js/modules/esnext.async-iterator.map.js
wellenvogel/avnav,viewer/nav/aisdata.js,viewer/map/routelayer.js
olifolkerd/tabulator,src/js/modules/Edit/defaults/editors/date.js,src/js/modules/Import/Import.js
olifolkerd/tabulator,src/js/modules/Edit/defaults/editors/date.js,src/js/modules/Edit/List.js
olifolkerd/tabulator,src/js/modules/Edit/defaults/editors/date.js,src/js/core/tools/Popup.js
aardgoose/CaveView.js,src/js/terrain/CommonTerrain.js,src/js/viewer/Survey.js
KissKissBankBank/kitten,src/components/layout/dashboard-layout/styles.js,assets/javascripts/kitten/components/layout/dashboard-layout/styles.js
KissKissBankBank/kitten,src/esm/components/layout/dashboard-layout/styles.js,assets/javascripts/kitten/components/layout/dashboard-layout/styles.js
kbase/kbase-ui-plugin-dataview,src/plugin/iframe_root/modules/objectViewWidget.js,src/plugin/iframe_root/modules/components/Overview/view.js
kbase/kbase-ui-plugin-dataview,src/plugin/iframe_root/modules/components/DataTable7.js,src/plugin/iframe_root/modules/components/ProvenanceGraph.js
kbase/kbase-ui-plugin-dataview,src/plugin/iframe_root/modules/components/DataTable7.js,src/plugin/iframe_root/modules/lib/domUtils.js
kbase/kbase-ui-plugin-dataview,src/plugin/iframe_root/modules/components/DataTable7.js,src/plugin/iframe_root/modules/components/Genome/Genome.js
kbase/kbase-ui-plugin-dataview,src/plugin/iframe_root/modules/components/DataTable7.js,src/plugin/iframe_root/modules/components/DataTable5.js
kbase/kbase-ui-plugin-dataview,src/plugin/iframe_root/modules/components/DataTable7.js,src/plugin/iframe_root/modules/components/ProvenancePanel.js
kbase/kbase-ui-plugin-dataview,src/plugin/iframe_root/modules/components/DataTable7.js,src/plugin/iframe_root/modules/components/Genome/Publications.js
kbase/kbase-ui-plugin-dataview,src/plugin/iframe_root/modules/components/DataTable7.js,src/plugin/iframe_root/modules/components/SankeyGraph.js
kbase/kbase-ui-plugin-dataview,src/plugin/iframe_root/modules/components/DataTable7.js,src/plugin/iframe_root/modules/components/Genome/GenomeOverview.js
kbase/kbase-ui-plugin-dataview,src/plugin/iframe_root/modules/components/Genome/Lineage.js,src/plugin/iframe_root/modules/components/Genome/Genome.js
kbase/kbase-ui-plugin-dataview,src/plugin/iframe_root/modules/components/Genome/Lineage.js,src/plugin/iframe_root/modules/components/ProvenanceGraph.js
kbase/kbase-ui-plugin-dataview,src/plugin/iframe_root/modules/components/Genome/Lineage.js,src/plugin/iframe_root/modules/components/DataTable5.js
kbase/kbase-ui-plugin-dataview,src/plugin/iframe_root/modules/components/Genome/Lineage.js,src/plugin/iframe_root/modules/components/SankeyGraph.js
kbase/kbase-ui-plugin-dataview,src/plugin/iframe_root/modules/components/Genome/Lineage.js,src/plugin/iframe_root/modules/lib/domUtils.js
kbase/kbase-ui-plugin-dataview,src/plugin/iframe_root/modules/components/Genome/Lineage.js,src/plugin/iframe_root/modules/components/Genome/Publications.js
kbase/kbase-ui-plugin-dataview,src/plugin/iframe_root/modules/components/Genome/Lineage.js,src/plugin/iframe_root/modules/components/ProvenancePanel.js
kbase/kbase-ui-plugin-dataview,src/plugin/iframe_root/modules/components/Genome/Lineage.js,src/plugin/iframe_root/modules/components/Genome/GenomeOverview.js
kbase/kbase-ui-plugin-dataview,src/plugin/iframe_root/modules/components/Genome/Overview.js,src/plugin/iframe_root/modules/components/Genome/Publications.js
kbase/kbase-ui-plugin-dataview,src/plugin/iframe_root/modules/components/Genome/Overview.js,src/plugin/iframe_root/modules/components/Genome/GenomeOverview.js
kbase/kbase-ui-plugin-dataview,src/plugin/iframe_root/modules/components/Genome/Overview.js,src/plugin/iframe_root/modules/components/ProvenancePanel.js
kbase/kbase-ui-plugin-dataview,src/plugin/iframe_root/modules/components/Genome/Overview.js,src/plugin/iframe_root/modules/components/ProvenanceGraph.js
kbase/kbase-ui-plugin-dataview,src/plugin/iframe_root/modules/components/Genome/Overview.js,src/plugin/iframe_root/modules/components/SankeyGraph.js
kbase/kbase-ui-plugin-dataview,src/plugin/iframe_root/modules/components/Genome/Overview.js,src/plugin/iframe_root/modules/lib/domUtils.js
kbase/kbase-ui-plugin-dataview,src/plugin/iframe_root/modules/components/Genome/Overview.js,src/plugin/iframe_root/modules/components/Genome/Genome.js
kbase/kbase-ui-plugin-dataview,src/plugin/iframe_root/modules/components/Genome/Overview.js,src/plugin/iframe_root/modules/components/DataTable5.js
kbase/kbase-ui-plugin-dataview,src/plugin/iframe_root/modules/components/Genome/Taxonomy.js,src/plugin/iframe_root/modules/components/ProvenancePanel.js
kbase/kbase-ui-plugin-dataview,src/plugin/iframe_root/modules/components/Genome/Taxonomy.js,src/plugin/iframe_root/modules/components/Genome/GenomeOverview.js
kbase/kbase-ui-plugin-dataview,src/plugin/iframe_root/modules/components/Genome/Taxonomy.js,src/plugin/iframe_root/modules/components/Genome/Genome.js
kbase/kbase-ui-plugin-dataview,src/plugin/iframe_root/modules/components/Genome/Taxonomy.js,src/plugin/iframe_root/modules/components/DataTable5.js
kbase/kbase-ui-plugin-dataview,src/plugin/iframe_root/modules/components/Genome/Taxonomy.js,src/plugin/iframe_root/modules/components/Genome/Publications.js
kbase/kbase-ui-plugin-dataview,src/plugin/iframe_root/modules/components/Genome/Taxonomy.js,src/plugin/iframe_root/modules/components/SankeyGraph.js
kbase/kbase-ui-plugin-dataview,src/plugin/iframe_root/modules/components/Genome/Taxonomy.js,src/plugin/iframe_root/modules/lib/domUtils.js
kbase/kbase-ui-plugin-dataview,src/plugin/iframe_root/modules/components/Genome/Taxonomy.js,src/plugin/iframe_root/modules/components/ProvenanceGraph.js
kbase/kbase-ui-plugin-dataview,src/plugin/iframe_root/modules/components/Genome/LineageRE.js,src/plugin/iframe_root/modules/components/ProvenanceGraph.js
kbase/kbase-ui-plugin-dataview,src/plugin/iframe_root/modules/components/Genome/LineageRE.js,src/plugin/iframe_root/modules/components/Genome/Publications.js
kbase/kbase-ui-plugin-dataview,src/plugin/iframe_root/modules/components/Genome/LineageRE.js,src/plugin/iframe_root/modules/components/ProvenancePanel.js
kbase/kbase-ui-plugin-dataview,src/plugin/iframe_root/modules/components/Genome/LineageRE.js,src/plugin/iframe_root/modules/lib/domUtils.js
kbase/kbase-ui-plugin-dataview,src/plugin/iframe_root/modules/components/Genome/LineageRE.js,src/plugin/iframe_root/modules/components/Genome/Genome.js
kbase/kbase-ui-plugin-dataview,src/plugin/iframe_root/modules/components/Genome/LineageRE.js,src/plugin/iframe_root/modules/components/SankeyGraph.js
kbase/kbase-ui-plugin-dataview,src/plugin/iframe_root/modules/components/Genome/LineageRE.js,src/plugin/iframe_root/modules/components/DataTable5.js
kbase/kbase-ui-plugin-dataview,src/plugin/iframe_root/modules/components/Genome/LineageRE.js,src/plugin/iframe_root/modules/components/Genome/GenomeOverview.js
kbase/kbase-ui-plugin-dataview,src/plugin/iframe_root/modules/components/Genome/GenomeWikipedia.js,src/plugin/iframe_root/modules/components/ProvenanceGraph.js
kbase/kbase-ui-plugin-dataview,src/plugin/iframe_root/modules/components/Genome/GenomeWikipedia.js,src/plugin/iframe_root/modules/components/Genome/Publications.js
kbase/kbase-ui-plugin-dataview,src/plugin/iframe_root/modules/components/Genome/GenomeWikipedia.js,src/plugin/iframe_root/modules/lib/domUtils.js
kbase/kbase-ui-plugin-dataview,src/plugin/iframe_root/modules/components/Genome/GenomeWikipedia.js,src/plugin/iframe_root/modules/components/Genome/GenomeOverview.js
kbase/kbase-ui-plugin-dataview,src/plugin/iframe_root/modules/components/Genome/GenomeWikipedia.js,src/plugin/iframe_root/modules/components/DataTable5.js
kbase/kbase-ui-plugin-dataview,src/plugin/iframe_root/modules/components/Genome/GenomeWikipedia.js,src/plugin/iframe_root/modules/components/SankeyGraph.js
kbase/kbase-ui-plugin-dataview,src/plugin/iframe_root/modules/components/Genome/GenomeWikipedia.js,src/plugin/iframe_root/modules/components/ProvenancePanel.js
kbase/kbase-ui-plugin-dataview,src/plugin/iframe_root/modules/components/Genome/GenomeWikipedia.js,src/plugin/iframe_root/modules/components/Genome/Genome.js
sebhildebrandt/systeminformation,lib/processes.js,lib/filesystem.js
sebhildebrandt/systeminformation,lib/processes.js,lib/cpu.js
angular/angular-devkit-build-angular-builds,src/builders/browser-esbuild/compiler-plugin.js,src/builders/browser-esbuild/stylesheets.js
angular/angular-devkit-build-angular-builds,src/builders/browser-esbuild/compiler-plugin.js,src/builders/browser-esbuild/index.js
